{
	"data": [
		{
			"countryName": "安道尔",
			"countryPinyin": "an dao er",
			"phoneCode": "376",
			"countryCode": "AD"
		}, {
			"countryName": "阿拉伯联合酋长国",
			"countryPinyin": "a la bo lian he qiu zhang guo",
			"phoneCode": "971",
			"countryCode": "AE"
		}, {
			"countryName": "阿富汗",
			"countryPinyin": "a fu han",
			"phoneCode": "93",
			"countryCode": "AF"
		}, {
			"countryName": "安提瓜和巴布达",
			"countryPinyin": "an ti gua he ba bu da",
			"phoneCode": "1",
			"countryCode": "AG"
		}, {
			"countryName": "安圭拉",
			"countryPinyin": "an gui la",
			"phoneCode": "1",
			"countryCode": "AI"
		}, {
			"countryName": "阿尔巴尼亚",
			"countryPinyin": "a er ba ni ya",
			"phoneCode": "355",
			"countryCode": "AL"
		}, {
			"countryName": "亚美尼亚",
			"countryPinyin": "ya mei ni ya",
			"phoneCode": "374",
			"countryCode": "AM"
		}, {
			"countryName": "安哥拉",
			"countryPinyin": "an ge la",
			"phoneCode": "244",
			"countryCode": "AO"
		}, {
			"countryName": "南极洲",
			"countryPinyin": "nan ji zhou",
			"phoneCode": "672",
			"countryCode": "AQ"
		}, {
			"countryName": "阿根廷",
			"countryPinyin": "a gen ting",
			"phoneCode": "54",
			"countryCode": "AR"
		}, {
			"countryName": "美属萨摩亚",
			"countryPinyin": "mei shu sa mo ya",
			"phoneCode": "1",
			"countryCode": "AS"
		}, {
			"countryName": "奥地利",
			"countryPinyin": "ao de li",
			"phoneCode": "43",
			"countryCode": "AT"
		}, {
			"countryName": "澳大利亚",
			"countryPinyin": "ao da li ya",
			"phoneCode": "61",
			"countryCode": "AU"
		}, {
			"countryName": "阿鲁巴",
			"countryPinyin": "a lu ba",
			"phoneCode": "297",
			"countryCode": "AW"
		}, {
			"countryName": "奥兰群岛",
			"countryPinyin": "ao lan qun dao",
			"phoneCode": "(null)",
			"countryCode": "AX"
		}, {
			"countryName": "阿塞拜疆",
			"countryPinyin": "a sai bai jiang",
			"phoneCode": "994",
			"countryCode": "AZ"
		}, {
			"countryName": "波斯尼亚和黑塞哥维那",
			"countryPinyin": "bo si ni ya he hei sai ge wei na",
			"phoneCode": "387",
			"countryCode": "BA"
		}, {
			"countryName": "巴巴多斯",
			"countryPinyin": "ba ba duo si",
			"phoneCode": "1",
			"countryCode": "BB"
		}, {
			"countryName": "孟加拉国",
			"countryPinyin": "meng jia la guo",
			"phoneCode": "880",
			"countryCode": "BD"
		}, {
			"countryName": "比利时",
			"countryPinyin": "bi li shi",
			"phoneCode": "32",
			"countryCode": "BE"
		}, {
			"countryName": "布基纳法索",
			"countryPinyin": "bu ji na fa suo",
			"phoneCode": "226",
			"countryCode": "BF"
		}, {
			"countryName": "保加利亚",
			"countryPinyin": "bao jia li ya",
			"phoneCode": "359",
			"countryCode": "BG"
		}, {
			"countryName": "巴林",
			"countryPinyin": "ba lin",
			"phoneCode": "973",
			"countryCode": "BH"
		}, {
			"countryName": "布隆迪",
			"countryPinyin": "bu long di",
			"phoneCode": "257",
			"countryCode": "BI"
		}, {
			"countryName": "贝宁",
			"countryPinyin": "bei ning",
			"phoneCode": "229",
			"countryCode": "BJ"
		}, {
			"countryName": "圣巴泰勒米",
			"countryPinyin": "sheng ba tai lei mi",
			"phoneCode": "590",
			"countryCode": "BL"
		}, {
			"countryName": "百慕大",
			"countryPinyin": "bai mu da",
			"phoneCode": "1",
			"countryCode": "BM"
		}, {
			"countryName": "文莱",
			"countryPinyin": "wen lai",
			"phoneCode": "673",
			"countryCode": "BN"
		}, {
			"countryName": "玻利维亚",
			"countryPinyin": "bo li wei ya",
			"phoneCode": "591",
			"countryCode": "BO"
		}, {
			"countryName": "荷兰加勒比区",
			"countryPinyin": "he lan jia lei bi qu",
			"phoneCode": "599",
			"countryCode": "BQ"
		}, {
			"countryName": "巴西",
			"countryPinyin": "ba xi",
			"phoneCode": "55",
			"countryCode": "BR"
		}, {
			"countryName": "巴哈马",
			"countryPinyin": "ba ha ma",
			"phoneCode": "1",
			"countryCode": "BS"
		}, {
			"countryName": "不丹",
			"countryPinyin": "bu dan",
			"phoneCode": "975",
			"countryCode": "BT"
		}, {
			"countryName": "布维岛",
			"countryPinyin": "bu wei dao",
			"phoneCode": "(null)",
			"countryCode": "BV"
		}, {
			"countryName": "博茨瓦纳",
			"countryPinyin": "bo ci wa na",
			"phoneCode": "267",
			"countryCode": "BW"
		}, {
			"countryName": "白俄罗斯",
			"countryPinyin": "bai e luo si",
			"phoneCode": "375",
			"countryCode": "BY"
		}, {
			"countryName": "伯利兹",
			"countryPinyin": "bo li zi",
			"phoneCode": "501",
			"countryCode": "BZ"
		}, {
			"countryName": "加拿大",
			"countryPinyin": "jia na da",
			"phoneCode": "1",
			"countryCode": "CA"
		}, {
			"countryName": "科科斯（基林）群岛",
			"countryPinyin": "ke ke si （ji lin） qun dao",
			"phoneCode": "61",
			"countryCode": "CC"
		}, {
			"countryName": "刚果（金）",
			"countryPinyin": "gang guo （jin）",
			"phoneCode": "243",
			"countryCode": "CD"
		}, {
			"countryName": "中非共和国",
			"countryPinyin": "zhong fei gong he guo",
			"phoneCode": "236",
			"countryCode": "CF"
		}, {
			"countryName": "刚果（布）",
			"countryPinyin": "gang guo （bu）",
			"phoneCode": "242",
			"countryCode": "CG"
		}, {
			"countryName": "瑞士",
			"countryPinyin": "rui shi",
			"phoneCode": "41",
			"countryCode": "CH"
		}, {
			"countryName": "科特迪瓦",
			"countryPinyin": "ke te di wa",
			"phoneCode": "225",
			"countryCode": "CI"
		}, {
			"countryName": "库克群岛",
			"countryPinyin": "ku ke qun dao",
			"phoneCode": "682",
			"countryCode": "CK"
		}, {
			"countryName": "智利",
			"countryPinyin": "zhi li",
			"phoneCode": "56",
			"countryCode": "CL"
		}, {
			"countryName": "喀麦隆",
			"countryPinyin": "ka mai long",
			"phoneCode": "237",
			"countryCode": "CM"
		}, {
			"countryName": "中国",
			"countryPinyin": "zhong guo",
			"phoneCode": "86",
			"countryCode": "CN"
		}, {
			"countryName": "哥伦比亚",
			"countryPinyin": "ge lun bi ya",
			"phoneCode": "57",
			"countryCode": "CO"
		}, {
			"countryName": "哥斯达黎加",
			"countryPinyin": "ge si da li jia",
			"phoneCode": "506",
			"countryCode": "CR"
		}, {
			"countryName": "古巴",
			"countryPinyin": "gu ba",
			"phoneCode": "53",
			"countryCode": "CU"
		}, {
			"countryName": "佛得角",
			"countryPinyin": "fu de jiao",
			"phoneCode": "238",
			"countryCode": "CV"
		}, {
			"countryName": "库拉索",
			"countryPinyin": "ku la suo",
			"phoneCode": "5999",
			"countryCode": "CW"
		}, {
			"countryName": "圣诞岛",
			"countryPinyin": "sheng dan dao",
			"phoneCode": "61",
			"countryCode": "CX"
		}, {
			"countryName": "塞浦路斯",
			"countryPinyin": "sai pu lu si",
			"phoneCode": "537",
			"countryCode": "CY"
		}, {
			"countryName": "捷克共和国",
			"countryPinyin": "jie ke gong he guo",
			"phoneCode": "420",
			"countryCode": "CZ"
		}, {
			"countryName": "德国",
			"countryPinyin": "de guo",
			"phoneCode": "49",
			"countryCode": "DE"
		}, {
			"countryName": "吉布提",
			"countryPinyin": "ji bu ti",
			"phoneCode": "253",
			"countryCode": "DJ"
		}, {
			"countryName": "丹麦",
			"countryPinyin": "dan mai",
			"phoneCode": "45",
			"countryCode": "DK"
		}, {
			"countryName": "多米尼克",
			"countryPinyin": "duo mi ni ke",
			"phoneCode": "1",
			"countryCode": "DM"
		}, {
			"countryName": "多米尼加共和国",
			"countryPinyin": "duo mi ni jia gong he guo",
			"phoneCode": "1",
			"countryCode": "DO"
		}, {
			"countryName": "阿尔及利亚",
			"countryPinyin": "a er ji li ya",
			"phoneCode": "213",
			"countryCode": "DZ"
		}, {
			"countryName": "厄瓜多尔",
			"countryPinyin": "e gua duo er",
			"phoneCode": "593",
			"countryCode": "EC"
		}, {
			"countryName": "爱沙尼亚",
			"countryPinyin": "ai sha ni ya",
			"phoneCode": "372",
			"countryCode": "EE"
		}, {
			"countryName": "埃及",
			"countryPinyin": "ai ji",
			"phoneCode": "20",
			"countryCode": "EG"
		}, {
			"countryName": "西撒哈拉",
			"countryPinyin": "xi sa ha la",
			"phoneCode": "210",
			"countryCode": "EH"
		}, {
			"countryName": "厄立特里亚",
			"countryPinyin": "e li te li ya",
			"phoneCode": "291",
			"countryCode": "ER"
		}, {
			"countryName": "西班牙",
			"countryPinyin": "xi ban ya",
			"phoneCode": "34",
			"countryCode": "ES"
		}, {
			"countryName": "埃塞俄比亚",
			"countryPinyin": "ai sai e bi ya",
			"phoneCode": "251",
			"countryCode": "ET"
		}, {
			"countryName": "芬兰",
			"countryPinyin": "fen lan",
			"phoneCode": "358",
			"countryCode": "FI"
		}, {
			"countryName": "斐济",
			"countryPinyin": "fei ji",
			"phoneCode": "679",
			"countryCode": "FJ"
		}, {
			"countryName": "福克兰群岛",
			"countryPinyin": "fu ke lan qun dao",
			"phoneCode": "500",
			"countryCode": "FK"
		}, {
			"countryName": "密克罗尼西亚",
			"countryPinyin": "mi ke luo ni xi ya",
			"phoneCode": "691",
			"countryCode": "FM"
		}, {
			"countryName": "法罗群岛",
			"countryPinyin": "fa luo qun dao",
			"phoneCode": "298",
			"countryCode": "FO"
		}, {
			"countryName": "法国",
			"countryPinyin": "fa guo",
			"phoneCode": "33",
			"countryCode": "FR"
		}, {
			"countryName": "加蓬",
			"countryPinyin": "jia peng",
			"phoneCode": "241",
			"countryCode": "GA"
		}, {
			"countryName": "英国",
			"countryPinyin": "ying guo",
			"phoneCode": "44",
			"countryCode": "GB"
		}, {
			"countryName": "格林纳达",
			"countryPinyin": "ge lin na da",
			"phoneCode": "1",
			"countryCode": "GD"
		}, {
			"countryName": "格鲁吉亚",
			"countryPinyin": "ge lu ji ya",
			"phoneCode": "995",
			"countryCode": "GE"
		}, {
			"countryName": "法属圭亚那",
			"countryPinyin": "fa shu gui ya na",
			"phoneCode": "594",
			"countryCode": "GF"
		}, {
			"countryName": "根西岛",
			"countryPinyin": "gen xi dao",
			"phoneCode": "44",
			"countryCode": "GG"
		}, {
			"countryName": "加纳",
			"countryPinyin": "jia na",
			"phoneCode": "233",
			"countryCode": "GH"
		}, {
			"countryName": "直布罗陀",
			"countryPinyin": "zhi bu luo tuo",
			"phoneCode": "350",
			"countryCode": "GI"
		}, {
			"countryName": "格陵兰",
			"countryPinyin": "ge ling lan",
			"phoneCode": "299",
			"countryCode": "GL"
		}, {
			"countryName": "冈比亚",
			"countryPinyin": "gang bi ya",
			"phoneCode": "220",
			"countryCode": "GM"
		}, {
			"countryName": "几内亚",
			"countryPinyin": "ji nei ya",
			"phoneCode": "224",
			"countryCode": "GN"
		}, {
			"countryName": "瓜德罗普",
			"countryPinyin": "gua de luo pu",
			"phoneCode": "590",
			"countryCode": "GP"
		}, {
			"countryName": "赤道几内亚",
			"countryPinyin": "chi dao ji nei ya",
			"phoneCode": "240",
			"countryCode": "GQ"
		}, {
			"countryName": "希腊",
			"countryPinyin": "xi la",
			"phoneCode": "30",
			"countryCode": "GR"
		}, {
			"countryName": "南乔治亚岛和南桑威齐群岛",
			"countryPinyin": "nan qiao zhi ya dao he nan sang wei qi qun dao",
			"phoneCode": "500",
			"countryCode": "GS"
		}, {
			"countryName": "危地马拉",
			"countryPinyin": "wei de ma la",
			"phoneCode": "502",
			"countryCode": "GT"
		}, {
			"countryName": "关岛",
			"countryPinyin": "guan dao",
			"phoneCode": "1",
			"countryCode": "GU"
		}, {
			"countryName": "几内亚比绍",
			"countryPinyin": "ji nei ya bi shao",
			"phoneCode": "245",
			"countryCode": "GW"
		}, {
			"countryName": "圭亚那",
			"countryPinyin": "gui ya na",
			"phoneCode": "595",
			"countryCode": "GY"
		}, {
			"countryName": "中国香港特别行政区",
			"countryPinyin": "zhong guo xiang gang te bie xing zheng qu",
			"phoneCode": "852",
			"countryCode": "HK"
		}, {
			"countryName": "赫德岛和麦克唐纳群岛",
			"countryPinyin": "he de dao he mai ke tang na qun dao",
			"phoneCode": "(null)",
			"countryCode": "HM"
		}, {
			"countryName": "洪都拉斯",
			"countryPinyin": "hong dou la si",
			"phoneCode": "504",
			"countryCode": "HN"
		}, {
			"countryName": "克罗地亚",
			"countryPinyin": "ke luo de ya",
			"phoneCode": "385",
			"countryCode": "HR"
		}, {
			"countryName": "海地",
			"countryPinyin": "hai de",
			"phoneCode": "509",
			"countryCode": "HT"
		}, {
			"countryName": "匈牙利",
			"countryPinyin": "xiong ya li",
			"phoneCode": "36",
			"countryCode": "HU"
		}, {
			"countryName": "印度尼西亚",
			"countryPinyin": "yin du ni xi ya",
			"phoneCode": "62",
			"countryCode": "ID"
		}, {
			"countryName": "爱尔兰",
			"countryPinyin": "ai er lan",
			"phoneCode": "353",
			"countryCode": "IE"
		}, {
			"countryName": "以色列",
			"countryPinyin": "yi se lie",
			"phoneCode": "972",
			"countryCode": "IL"
		}, {
			"countryName": "曼岛",
			"countryPinyin": "man dao",
			"phoneCode": "44",
			"countryCode": "IM"
		}, {
			"countryName": "印度",
			"countryPinyin": "yin du",
			"phoneCode": "91",
			"countryCode": "IN"
		}, {
			"countryName": "英属印度洋领地",
			"countryPinyin": "ying shu yin du yang ling de",
			"phoneCode": "246",
			"countryCode": "IO"
		}, {
			"countryName": "伊拉克",
			"countryPinyin": "yi la ke",
			"phoneCode": "964",
			"countryCode": "IQ"
		}, {
			"countryName": "伊朗",
			"countryPinyin": "yi lang",
			"phoneCode": "98",
			"countryCode": "IR"
		}, {
			"countryName": "冰岛",
			"countryPinyin": "bing dao",
			"phoneCode": "354",
			"countryCode": "IS"
		}, {
			"countryName": "意大利",
			"countryPinyin": "yi da li",
			"phoneCode": "39",
			"countryCode": "IT"
		}, {
			"countryName": "泽西岛",
			"countryPinyin": "ze xi dao",
			"phoneCode": "44",
			"countryCode": "JE"
		}, {
			"countryName": "牙买加",
			"countryPinyin": "ya mai jia",
			"phoneCode": "1",
			"countryCode": "JM"
		}, {
			"countryName": "约旦",
			"countryPinyin": "yue dan",
			"phoneCode": "962",
			"countryCode": "JO"
		}, {
			"countryName": "日本",
			"countryPinyin": "ri ben",
			"phoneCode": "81",
			"countryCode": "JP"
		}, {
			"countryName": "肯尼亚",
			"countryPinyin": "ken ni ya",
			"phoneCode": "254",
			"countryCode": "KE"
		}, {
			"countryName": "吉尔吉斯斯坦",
			"countryPinyin": "ji er ji si si tan",
			"phoneCode": "996",
			"countryCode": "KG"
		}, {
			"countryName": "柬埔寨",
			"countryPinyin": "jian bu zhai",
			"phoneCode": "855",
			"countryCode": "KH"
		}, {
			"countryName": "基里巴斯",
			"countryPinyin": "ji li ba si",
			"phoneCode": "686",
			"countryCode": "KI"
		}, {
			"countryName": "科摩罗",
			"countryPinyin": "ke mo luo",
			"phoneCode": "269",
			"countryCode": "KM"
		}, {
			"countryName": "圣基茨和尼维斯",
			"countryPinyin": "sheng ji ci he ni wei si",
			"phoneCode": "1",
			"countryCode": "KN"
		}, {
			"countryName": "朝鲜",
			"countryPinyin": "chao xian",
			"phoneCode": "850",
			"countryCode": "KP"
		}, {
			"countryName": "韩国",
			"countryPinyin": "han guo",
			"phoneCode": "82",
			"countryCode": "KR"
		}, {
			"countryName": "科威特",
			"countryPinyin": "ke wei te",
			"phoneCode": "965",
			"countryCode": "KW"
		}, {
			"countryName": "开曼群岛",
			"countryPinyin": "kai man qun dao",
			"phoneCode": "345",
			"countryCode": "KY"
		}, {
			"countryName": "哈萨克斯坦",
			"countryPinyin": "ha sa ke si tan",
			"phoneCode": "77",
			"countryCode": "KZ"
		}, {
			"countryName": "老挝",
			"countryPinyin": "lao wo",
			"phoneCode": "856",
			"countryCode": "LA"
		}, {
			"countryName": "黎巴嫩",
			"countryPinyin": "li ba nen",
			"phoneCode": "961",
			"countryCode": "LB"
		}, {
			"countryName": "圣卢西亚",
			"countryPinyin": "sheng lu xi ya",
			"phoneCode": "1",
			"countryCode": "LC"
		}, {
			"countryName": "列支敦士登",
			"countryPinyin": "lie zhi dun shi deng",
			"phoneCode": "423",
			"countryCode": "LI"
		}, {
			"countryName": "斯里兰卡",
			"countryPinyin": "si li lan ka",
			"phoneCode": "94",
			"countryCode": "LK"
		}, {
			"countryName": "利比里亚",
			"countryPinyin": "li bi li ya",
			"phoneCode": "231",
			"countryCode": "LR"
		}, {
			"countryName": "莱索托",
			"countryPinyin": "lai suo tuo",
			"phoneCode": "266",
			"countryCode": "LS"
		}, {
			"countryName": "立陶宛",
			"countryPinyin": "li tao wan",
			"phoneCode": "370",
			"countryCode": "LT"
		}, {
			"countryName": "卢森堡",
			"countryPinyin": "lu sen bao",
			"phoneCode": "352",
			"countryCode": "LU"
		}, {
			"countryName": "拉脱维亚",
			"countryPinyin": "la tuo wei ya",
			"phoneCode": "371",
			"countryCode": "LV"
		}, {
			"countryName": "利比亚",
			"countryPinyin": "li bi ya",
			"phoneCode": "218",
			"countryCode": "LY"
		}, {
			"countryName": "摩洛哥",
			"countryPinyin": "mo luo ge",
			"phoneCode": "212",
			"countryCode": "MA"
		}, {
			"countryName": "摩纳哥",
			"countryPinyin": "mo na ge",
			"phoneCode": "377",
			"countryCode": "MC"
		}, {
			"countryName": "摩尔多瓦",
			"countryPinyin": "mo er duo wa",
			"phoneCode": "373",
			"countryCode": "MD"
		}, {
			"countryName": "黑山",
			"countryPinyin": "hei shan",
			"phoneCode": "382",
			"countryCode": "ME"
		}, {
			"countryName": "法属圣马丁",
			"countryPinyin": "fa shu sheng ma ding",
			"phoneCode": "590",
			"countryCode": "MF"
		}, {
			"countryName": "马达加斯加",
			"countryPinyin": "ma da jia si jia",
			"phoneCode": "261",
			"countryCode": "MG"
		}, {
			"countryName": "马绍尔群岛",
			"countryPinyin": "ma shao er qun dao",
			"phoneCode": "692",
			"countryCode": "MH"
		}, {
			"countryName": "马其顿",
			"countryPinyin": "ma qi dun",
			"phoneCode": "389",
			"countryCode": "MK"
		}, {
			"countryName": "马里",
			"countryPinyin": "ma li",
			"phoneCode": "223",
			"countryCode": "ML"
		}, {
			"countryName": "缅甸",
			"countryPinyin": "mian dian",
			"phoneCode": "95",
			"countryCode": "MM"
		}, {
			"countryName": "蒙古",
			"countryPinyin": "meng gu",
			"phoneCode": "976",
			"countryCode": "MN"
		}, {
			"countryName": "中国澳门特别行政区",
			"countryPinyin": "zhong guo ao men te bie xing zheng qu",
			"phoneCode": "853",
			"countryCode": "MO"
		}, {
			"countryName": "北马里亚纳群岛",
			"countryPinyin": "bei ma li ya na qun dao",
			"phoneCode": "1",
			"countryCode": "MP"
		}, {
			"countryName": "马提尼克",
			"countryPinyin": "ma ti ni ke",
			"phoneCode": "596",
			"countryCode": "MQ"
		}, {
			"countryName": "毛里塔尼亚",
			"countryPinyin": "mao li ta ni ya",
			"phoneCode": "222",
			"countryCode": "MR"
		}, {
			"countryName": "蒙特塞拉特",
			"countryPinyin": "meng te sai la te",
			"phoneCode": "1",
			"countryCode": "MS"
		}, {
			"countryName": "马耳他",
			"countryPinyin": "ma er ta",
			"phoneCode": "356",
			"countryCode": "MT"
		}, {
			"countryName": "毛里求斯",
			"countryPinyin": "mao li qiu si",
			"phoneCode": "230",
			"countryCode": "MU"
		}, {
			"countryName": "马尔代夫",
			"countryPinyin": "ma er dai fu",
			"phoneCode": "960",
			"countryCode": "MV"
		}, {
			"countryName": "马拉维",
			"countryPinyin": "ma la wei",
			"phoneCode": "265",
			"countryCode": "MW"
		}, {
			"countryName": "墨西哥",
			"countryPinyin": "mo xi ge",
			"phoneCode": "52",
			"countryCode": "MX"
		}, {
			"countryName": "马来西亚",
			"countryPinyin": "ma lai xi ya",
			"phoneCode": "60",
			"countryCode": "MY"
		}, {
			"countryName": "莫桑比克",
			"countryPinyin": "mo sang bi ke",
			"phoneCode": "258",
			"countryCode": "MZ"
		}, {
			"countryName": "纳米比亚",
			"countryPinyin": "na mi bi ya",
			"phoneCode": "264",
			"countryCode": "NA"
		}, {
			"countryName": "新喀里多尼亚",
			"countryPinyin": "xin ka li duo ni ya",
			"phoneCode": "687",
			"countryCode": "NC"
		}, {
			"countryName": "尼日尔",
			"countryPinyin": "ni ri er",
			"phoneCode": "227",
			"countryCode": "NE"
		}, {
			"countryName": "诺福克岛",
			"countryPinyin": "nuo fu ke dao",
			"phoneCode": "672",
			"countryCode": "NF"
		}, {
			"countryName": "尼日利亚",
			"countryPinyin": "ni ri li ya",
			"phoneCode": "234",
			"countryCode": "NG"
		}, {
			"countryName": "尼加拉瓜",
			"countryPinyin": "ni jia la gua",
			"phoneCode": "505",
			"countryCode": "NI"
		}, {
			"countryName": "荷兰",
			"countryPinyin": "he lan",
			"phoneCode": "31",
			"countryCode": "NL"
		}, {
			"countryName": "挪威",
			"countryPinyin": "nuo wei",
			"phoneCode": "47",
			"countryCode": "NO"
		}, {
			"countryName": "尼泊尔",
			"countryPinyin": "ni po er",
			"phoneCode": "977",
			"countryCode": "NP"
		}, {
			"countryName": "瑙鲁",
			"countryPinyin": "nao lu",
			"phoneCode": "674",
			"countryCode": "NR"
		}, {
			"countryName": "纽埃",
			"countryPinyin": "niu ai",
			"phoneCode": "683",
			"countryCode": "NU"
		}, {
			"countryName": "新西兰",
			"countryPinyin": "xin xi lan",
			"phoneCode": "64",
			"countryCode": "NZ"
		}, {
			"countryName": "阿曼",
			"countryPinyin": "a man",
			"phoneCode": "968",
			"countryCode": "OM"
		}, {
			"countryName": "巴拿马",
			"countryPinyin": "ba na ma",
			"phoneCode": "507",
			"countryCode": "PA"
		}, {
			"countryName": "秘鲁",
			"countryPinyin": "mi lu",
			"phoneCode": "51",
			"countryCode": "PE"
		}, {
			"countryName": "法属波利尼西亚",
			"countryPinyin": "fa shu bo li ni xi ya",
			"phoneCode": "689",
			"countryCode": "PF"
		}, {
			"countryName": "巴布亚新几内亚",
			"countryPinyin": "ba bu ya xin ji nei ya",
			"phoneCode": "675",
			"countryCode": "PG"
		}, {
			"countryName": "菲律宾",
			"countryPinyin": "fei lu bin",
			"phoneCode": "63",
			"countryCode": "PH"
		}, {
			"countryName": "巴基斯坦",
			"countryPinyin": "ba ji si tan",
			"phoneCode": "92",
			"countryCode": "PK"
		}, {
			"countryName": "波兰",
			"countryPinyin": "bo lan",
			"phoneCode": "48",
			"countryCode": "PL"
		}, {
			"countryName": "圣皮埃尔和密克隆群岛",
			"countryPinyin": "sheng pi ai er he mi ke long qun dao",
			"phoneCode": "508",
			"countryCode": "PM"
		}, {
			"countryName": "皮特凯恩群岛",
			"countryPinyin": "pi te kai en qun dao",
			"phoneCode": "872",
			"countryCode": "PN"
		}, {
			"countryName": "波多黎各",
			"countryPinyin": "bo duo li ge",
			"phoneCode": "1",
			"countryCode": "PR"
		}, {
			"countryName": "巴勒斯坦领土",
			"countryPinyin": "ba lei si tan ling tu",
			"phoneCode": "970",
			"countryCode": "PS"
		}, {
			"countryName": "葡萄牙",
			"countryPinyin": "pu tao ya",
			"phoneCode": "351",
			"countryCode": "PT"
		}, {
			"countryName": "帕劳",
			"countryPinyin": "pa lao",
			"phoneCode": "680",
			"countryCode": "PW"
		}, {
			"countryName": "巴拉圭",
			"countryPinyin": "ba la gui",
			"phoneCode": "595",
			"countryCode": "PY"
		}, {
			"countryName": "卡塔尔",
			"countryPinyin": "ka ta er",
			"phoneCode": "974",
			"countryCode": "QA"
		}, {
			"countryName": "留尼汪",
			"countryPinyin": "liu ni wang",
			"phoneCode": "262",
			"countryCode": "RE"
		}, {
			"countryName": "罗马尼亚",
			"countryPinyin": "luo ma ni ya",
			"phoneCode": "40",
			"countryCode": "RO"
		}, {
			"countryName": "塞尔维亚",
			"countryPinyin": "sai er wei ya",
			"phoneCode": "381",
			"countryCode": "RS"
		}, {
			"countryName": "俄罗斯",
			"countryPinyin": "e luo si",
			"phoneCode": "7",
			"countryCode": "RU"
		}, {
			"countryName": "卢旺达",
			"countryPinyin": "lu wang da",
			"phoneCode": "250",
			"countryCode": "RW"
		}, {
			"countryName": "沙特阿拉伯",
			"countryPinyin": "sha te a la bo",
			"phoneCode": "966",
			"countryCode": "SA"
		}, {
			"countryName": "所罗门群岛",
			"countryPinyin": "suo luo men qun dao",
			"phoneCode": "677",
			"countryCode": "SB"
		}, {
			"countryName": "塞舌尔",
			"countryPinyin": "sai she er",
			"phoneCode": "248",
			"countryCode": "SC"
		}, {
			"countryName": "苏丹",
			"countryPinyin": "su dan",
			"phoneCode": "249",
			"countryCode": "SD"
		}, {
			"countryName": "瑞典",
			"countryPinyin": "rui dian",
			"phoneCode": "46",
			"countryCode": "SE"
		}, {
			"countryName": "新加坡",
			"countryPinyin": "xin jia po",
			"phoneCode": "65",
			"countryCode": "SG"
		}, {
			"countryName": "圣赫勒拿",
			"countryPinyin": "sheng he lei na",
			"phoneCode": "290",
			"countryCode": "SH"
		}, {
			"countryName": "斯洛文尼亚",
			"countryPinyin": "si luo wen ni ya",
			"phoneCode": "386",
			"countryCode": "SI"
		}, {
			"countryName": "斯瓦尔巴特和扬马延",
			"countryPinyin": "si wa er ba te he yang ma yan",
			"phoneCode": "47",
			"countryCode": "SJ"
		}, {
			"countryName": "斯洛伐克",
			"countryPinyin": "si luo fa ke",
			"phoneCode": "421",
			"countryCode": "SK"
		}, {
			"countryName": "塞拉利昂",
			"countryPinyin": "sai la li ang",
			"phoneCode": "232",
			"countryCode": "SL"
		}, {
			"countryName": "圣马力诺",
			"countryPinyin": "sheng ma li nuo",
			"phoneCode": "378",
			"countryCode": "SM"
		}, {
			"countryName": "塞内加尔",
			"countryPinyin": "sai nei jia er",
			"phoneCode": "221",
			"countryCode": "SN"
		}, {
			"countryName": "索马里",
			"countryPinyin": "suo ma li",
			"phoneCode": "252",
			"countryCode": "SO"
		}, {
			"countryName": "苏里南",
			"countryPinyin": "su li nan",
			"phoneCode": "597",
			"countryCode": "SR"
		}, {
			"countryName": "南苏丹",
			"countryPinyin": "nan su dan",
			"phoneCode": "211",
			"countryCode": "SS"
		}, {
			"countryName": "圣多美和普林西比",
			"countryPinyin": "sheng duo mei he pu lin xi bi",
			"phoneCode": "239",
			"countryCode": "ST"
		}, {
			"countryName": "萨尔瓦多",
			"countryPinyin": "sa er wa duo",
			"phoneCode": "503",
			"countryCode": "SV"
		}, {
			"countryName": "荷属圣马丁",
			"countryPinyin": "he shu sheng ma ding",
			"phoneCode": "599",
			"countryCode": "SX"
		}, {
			"countryName": "叙利亚",
			"countryPinyin": "xu li ya",
			"phoneCode": "963",
			"countryCode": "SY"
		}, {
			"countryName": "斯威士兰",
			"countryPinyin": "si wei shi lan",
			"phoneCode": "268",
			"countryCode": "SZ"
		}, {
			"countryName": "特克斯和凯科斯群岛",
			"countryPinyin": "te ke si he kai ke si qun dao",
			"phoneCode": "1",
			"countryCode": "TC"
		}, {
			"countryName": "乍得",
			"countryPinyin": "zha de",
			"phoneCode": "235",
			"countryCode": "TD"
		}, {
			"countryName": "法属南部领地",
			"countryPinyin": "fa shu nan bu ling de",
			"phoneCode": "(null)",
			"countryCode": "TF"
		}, {
			"countryName": "多哥",
			"countryPinyin": "duo ge",
			"phoneCode": "228",
			"countryCode": "TG"
		}, {
			"countryName": "泰国",
			"countryPinyin": "tai guo",
			"phoneCode": "66",
			"countryCode": "TH"
		}, {
			"countryName": "塔吉克斯坦",
			"countryPinyin": "ta ji ke si tan",
			"phoneCode": "992",
			"countryCode": "TJ"
		}, {
			"countryName": "托克劳",
			"countryPinyin": "tuo ke lao",
			"phoneCode": "690",
			"countryCode": "TK"
		}, {
			"countryName": "东帝汶",
			"countryPinyin": "dong di wen",
			"phoneCode": "670",
			"countryCode": "TL"
		}, {
			"countryName": "土库曼斯坦",
			"countryPinyin": "tu ku man si tan",
			"phoneCode": "993",
			"countryCode": "TM"
		}, {
			"countryName": "突尼斯",
			"countryPinyin": "tu ni si",
			"phoneCode": "216",
			"countryCode": "TN"
		}, {
			"countryName": "汤加",
			"countryPinyin": "tang jia",
			"phoneCode": "676",
			"countryCode": "TO"
		}, {
			"countryName": "土耳其",
			"countryPinyin": "tu er qi",
			"phoneCode": "90",
			"countryCode": "TR"
		}, {
			"countryName": "特立尼达和多巴哥",
			"countryPinyin": "te li ni da he duo ba ge",
			"phoneCode": "1",
			"countryCode": "TT"
		}, {
			"countryName": "图瓦卢",
			"countryPinyin": "tu wa lu",
			"phoneCode": "688",
			"countryCode": "TV"
		}, {
			"countryName": "台湾",
			"countryPinyin": "tai wan",
			"phoneCode": "886",
			"countryCode": "TW"
		}, {
			"countryName": "坦桑尼亚",
			"countryPinyin": "tan sang ni ya",
			"phoneCode": "255",
			"countryCode": "TZ"
		}, {
			"countryName": "乌克兰",
			"countryPinyin": "wu ke lan",
			"phoneCode": "380",
			"countryCode": "UA"
		}, {
			"countryName": "乌干达",
			"countryPinyin": "wu gan da",
			"phoneCode": "256",
			"countryCode": "UG"
		}, {
			"countryName": "美国本土外小岛屿",
			"countryPinyin": "mei guo ben tu wai xiao dao yu",
			"phoneCode": "(null)",
			"countryCode": "UM"
		}, {
			"countryName": "美国",
			"countryPinyin": "mei guo",
			"phoneCode": "1",
			"countryCode": "US"
		}, {
			"countryName": "乌拉圭",
			"countryPinyin": "wu la gui",
			"phoneCode": "598",
			"countryCode": "UY"
		}, {
			"countryName": "乌兹别克斯坦",
			"countryPinyin": "wu zi bie ke si tan",
			"phoneCode": "998",
			"countryCode": "UZ"
		}, {
			"countryName": "梵蒂冈",
			"countryPinyin": "fan di gang",
			"phoneCode": "379",
			"countryCode": "VA"
		}, {
			"countryName": "圣文森特和格林纳丁斯",
			"countryPinyin": "sheng wen sen te he ge lin na ding si",
			"phoneCode": "1",
			"countryCode": "VC"
		}, {
			"countryName": "委内瑞拉",
			"countryPinyin": "wei nei rui la",
			"phoneCode": "58",
			"countryCode": "VE"
		}, {
			"countryName": "英属维京群岛",
			"countryPinyin": "ying shu wei jing qun dao",
			"phoneCode": "1",
			"countryCode": "VG"
		}, {
			"countryName": "美属维京群岛",
			"countryPinyin": "mei shu wei jing qun dao",
			"phoneCode": "1",
			"countryCode": "VI"
		}, {
			"countryName": "越南",
			"countryPinyin": "yue nan",
			"phoneCode": "84",
			"countryCode": "VN"
		}, {
			"countryName": "瓦努阿图",
			"countryPinyin": "wa nu a tu",
			"phoneCode": "678",
			"countryCode": "VU"
		}, {
			"countryName": "瓦利斯和富图纳",
			"countryPinyin": "wa li si he fu tu na",
			"phoneCode": "681",
			"countryCode": "WF"
		}, {
			"countryName": "萨摩亚",
			"countryPinyin": "sa mo ya",
			"phoneCode": "685",
			"countryCode": "WS"
		}, {
			"countryName": "也门",
			"countryPinyin": "ye men",
			"phoneCode": "967",
			"countryCode": "YE"
		}, {
			"countryName": "马约特",
			"countryPinyin": "ma yue te",
			"phoneCode": "262",
			"countryCode": "YT"
		}, {
			"countryName": "南非",
			"countryPinyin": "nan fei",
			"phoneCode": "27",
			"countryCode": "ZA"
		}, {
			"countryName": "赞比亚",
			"countryPinyin": "zan bi ya",
			"phoneCode": "260",
			"countryCode": "ZM"
		}, {
			"countryName": "津巴布韦",
			"countryPinyin": "jin ba bu wei",
			"phoneCode": "263",
			"countryCode": "ZW"
		}
	]
}