{
	"RECORDS": [
		{
			"countryName": "阿尔巴尼亚",
			"countryPinyin": "a er ba ni ya",
			"phoneCode": "+355",
			"countryCode": "AL",
			"englishName": "Albania"
		}, {
			"countryName": "阿尔及利亚",
			"countryPinyin": "a er ji li ya",
			"phoneCode": "+213",
			"countryCode": "DZ",
			"englishName": "Algeria"
		}, {
			"countryName": "阿富汗",
			"countryPinyin": "a fu han",
			"phoneCode": "+93",
			"countryCode": "AF",
			"englishName": "Afghanistan"
		}, {
			"countryName": "阿根廷",
			"countryPinyin": "a gen ting",
			"phoneCode": "+54",
			"countryCode": "AR",
			"englishName": "Argentina"
		}, {
			"countryName": "阿拉伯联合酋长国",
			"countryPinyin": "a la bo lian he qiu zhang guo",
			"phoneCode": "+971",
			"countryCode": "AE",
			"englishName": "United Arab Emirates"
		}, {
			"countryName": "阿鲁巴",
			"countryPinyin": "a lu ba",
			"phoneCode": "+297",
			"countryCode": "AW",
			"englishName": "Aruba"
		}, {
			"countryName": "阿曼",
			"countryPinyin": "a man",
			"phoneCode": "+968",
			"countryCode": "OM",
			"englishName": "Oman"
		}, {
			"countryName": "阿塞拜疆",
			"countryPinyin": "a sai bai jiang",
			"phoneCode": "+994",
			"countryCode": "AZ",
			"englishName": "Azerbaijan"
		}, {
			"countryName": "爱尔兰",
			"countryPinyin": "ai er lan",
			"phoneCode": "+353",
			"countryCode": "IE",
			"englishName": "Ireland"
		}, {
			"countryName": "埃及",
			"countryPinyin": "ai ji",
			"phoneCode": "+20",
			"countryCode": "EG",
			"englishName": "Egypt"
		}, {
			"countryName": "埃塞俄比亚",
			"countryPinyin": "ai sai e bi ya",
			"phoneCode": "+251",
			"countryCode": "ET",
			"englishName": "Ethiopia"
		}, {
			"countryName": "爱沙尼亚",
			"countryPinyin": "ai sha ni ya",
			"phoneCode": "+372",
			"countryCode": "EE",
			"englishName": "Estonia"
		}, {
			"countryName": "安道尔",
			"countryPinyin": "an dao er",
			"phoneCode": "+376",
			"countryCode": "AD",
			"englishName": "Andorra"
		}, {
			"countryName": "安哥拉",
			"countryPinyin": "an ge la",
			"phoneCode": "+244",
			"countryCode": "AO",
			"englishName": "Angola"
		}, {
			"countryName": "安圭拉",
			"countryPinyin": "an gui la",
			"phoneCode": "+1 264",
			"countryCode": "AI",
			"englishName": "Anguilla"
		}, {
			"countryName": "安提瓜和巴布达",
			"countryPinyin": "an ti gua he ba bu da",
			"phoneCode": "+1268",
			"countryCode": "AG",
			"englishName": "Antigua and Barbuda"
		}, {
			"countryName": "澳大利亚",
			"countryPinyin": "ao da li ya",
			"phoneCode": "+61",
			"countryCode": "AU",
			"englishName": "Australia"
		}, {
			"countryName": "奥地利",
			"countryPinyin": "ao de li",
			"phoneCode": "+43",
			"countryCode": "AT",
			"englishName": "Austria"
		}, {
			"countryName": "奥兰群岛",
			"countryPinyin": "ao lan qun dao",
			"phoneCode": "+358",
			"countryCode": "AX",
			"englishName": "舕and Islands"
		}, {
			"countryName": "巴巴多斯",
			"countryPinyin": "ba ba duo si",
			"phoneCode": "+1 246",
			"countryCode": "BB",
			"englishName": "Barbados"
		}, {
			"countryName": "巴布亚新几内亚",
			"countryPinyin": "ba bu ya xin ji nei ya",
			"phoneCode": "+675",
			"countryCode": "PG",
			"englishName": "Papua New Guinea"
		}, {
			"countryName": "巴哈马",
			"countryPinyin": "ba ha ma",
			"phoneCode": "+1 242",
			"countryCode": "BS",
			"englishName": "Bahamas"
		}, {
			"countryName": "巴基斯坦",
			"countryPinyin": "ba ji si tan",
			"phoneCode": "+92",
			"countryCode": "PK",
			"englishName": "Pakistan"
		}, {
			"countryName": "巴拉圭",
			"countryPinyin": "ba la gui",
			"phoneCode": "+595",
			"countryCode": "PY",
			"englishName": "Paraguay"
		}, {
			"countryName": "巴勒斯坦领土",
			"countryPinyin": "ba lei si tan ling tu",
			"phoneCode": "+970",
			"countryCode": "PS",
			"englishName": "Palestinian Territory, Occupied"
		}, {
			"countryName": "巴林",
			"countryPinyin": "ba lin",
			"phoneCode": "+973",
			"countryCode": "BH",
			"englishName": "Bahrain"
		}, {
			"countryName": "巴拿马",
			"countryPinyin": "ba na ma",
			"phoneCode": "+507",
			"countryCode": "PA",
			"englishName": "Panama"
		}, {
			"countryName": "巴西",
			"countryPinyin": "ba xi",
			"phoneCode": "+55",
			"countryCode": "BR",
			"englishName": "Brazil"
		}, {
			"countryName": "白俄罗斯",
			"countryPinyin": "bai e luo si",
			"phoneCode": "+375",
			"countryCode": "BY",
			"englishName": "Belarus"
		}, {
			"countryName": "百慕大",
			"countryPinyin": "bai mu da",
			"phoneCode": "+1 441",
			"countryCode": "BM",
			"englishName": "Bermuda"
		}, {
			"countryName": "保加利亚",
			"countryPinyin": "bao jia li ya",
			"phoneCode": "+359",
			"countryCode": "BG",
			"englishName": "Bulgaria"
		}, {
			"countryName": "北马里亚纳群岛",
			"countryPinyin": "bei ma li ya na qun dao",
			"phoneCode": "+1 670",
			"countryCode": "MP",
			"englishName": "Northern Mariana Islands"
		}, {
			"countryName": "贝宁",
			"countryPinyin": "bei ning",
			"phoneCode": "+229",
			"countryCode": "BJ",
			"englishName": "Benin"
		}, {
			"countryName": "比利时",
			"countryPinyin": "bi li shi",
			"phoneCode": "+32",
			"countryCode": "BE",
			"englishName": "Belgium"
		}, {
			"countryName": "冰岛",
			"countryPinyin": "bing dao",
			"phoneCode": "+354",
			"countryCode": "IS",
			"englishName": "Iceland"
		}, {
			"countryName": "博茨瓦纳",
			"countryPinyin": "bo ci wa na",
			"phoneCode": "+267",
			"countryCode": "BW",
			"englishName": "Botswana"
		}, {
			"countryName": "波多黎各",
			"countryPinyin": "bo duo li ge",
			"phoneCode": "+1 939",
			"countryCode": "PR",
			"englishName": "Puerto Rico"
		}, {
			"countryName": "波兰",
			"countryPinyin": "bo lan",
			"phoneCode": "+48",
			"countryCode": "PL",
			"englishName": "Poland"
		}, {
			"countryName": "玻利维亚",
			"countryPinyin": "bo li wei ya",
			"phoneCode": "+591",
			"countryCode": "BO",
			"englishName": "Bolivia, Plurinational State of"
		}, {
			"countryName": "伯利兹",
			"countryPinyin": "bo li zi",
			"phoneCode": "+501",
			"countryCode": "BZ",
			"englishName": "Belize"
		}, {
			"countryName": "波斯尼亚和黑塞哥维那",
			"countryPinyin": "bo si ni ya he hei sai ge wei na",
			"phoneCode": "+387",
			"countryCode": "BA",
			"englishName": "Bosnia and Herzegovina"
		}, {
			"countryName": "不丹",
			"countryPinyin": "bu dan",
			"phoneCode": "+975",
			"countryCode": "BT",
			"englishName": "Bhutan"
		}, {
			"countryName": "布基纳法索",
			"countryPinyin": "bu ji na fa suo",
			"phoneCode": "+226",
			"countryCode": "BF",
			"englishName": "Burkina Faso"
		}, {
			"countryName": "布隆迪",
			"countryPinyin": "bu long di",
			"phoneCode": "+257",
			"countryCode": "BI",
			"englishName": "Burundi"
		}, {
			"countryName": "朝鲜",
			"countryPinyin": "chao xian",
			"phoneCode": "+850",
			"countryCode": "KP",
			"englishName": "Korea, Democratic People's Republic of"
		}, {
			"countryName": "赤道几内亚",
			"countryPinyin": "chi dao ji nei ya",
			"phoneCode": "+240",
			"countryCode": "GQ",
			"englishName": "Equatorial Guinea"
		}, {
			"countryName": "丹麦",
			"countryPinyin": "dan mai",
			"phoneCode": "+45",
			"countryCode": "DK",
			"englishName": "Denmark"
		}, {
			"countryName": "德国",
			"countryPinyin": "de guo",
			"phoneCode": "+49",
			"countryCode": "DE",
			"englishName": "Germany"
		}, {
			"countryName": "东帝汶",
			"countryPinyin": "dong di wen",
			"phoneCode": "+670",
			"countryCode": "TL",
			"englishName": "Timor-Leste"
		}, {
			"countryName": "多哥",
			"countryPinyin": "duo ge",
			"phoneCode": "+228",
			"countryCode": "TG",
			"englishName": "Togo"
		}, {
			"countryName": "多米尼加共和国",
			"countryPinyin": "duo mi ni jia gong he guo",
			"phoneCode": "+1 849",
			"countryCode": "DO",
			"englishName": "Dominican Republic"
		}, {
			"countryName": "多米尼克",
			"countryPinyin": "duo mi ni ke",
			"phoneCode": "+1 767",
			"countryCode": "DM",
			"englishName": "Dominica"
		}, {
			"countryName": "厄瓜多尔",
			"countryPinyin": "e gua duo er",
			"phoneCode": "+593",
			"countryCode": "EC",
			"englishName": "Ecuador"
		}, {
			"countryName": "厄立特里亚",
			"countryPinyin": "e li te li ya",
			"phoneCode": "+291",
			"countryCode": "ER",
			"englishName": "Eritrea"
		}, {
			"countryName": "俄罗斯",
			"countryPinyin": "e luo si",
			"phoneCode": "+7",
			"countryCode": "RU",
			"englishName": "Russia"
		}, {
			"countryName": "法国",
			"countryPinyin": "fa guo",
			"phoneCode": "+33",
			"countryCode": "FR",
			"englishName": "France"
		}, {
			"countryName": "法罗群岛",
			"countryPinyin": "fa luo qun dao",
			"phoneCode": "+298",
			"countryCode": "FO",
			"englishName": "Faroe Islands"
		}, {
			"countryName": "法属波利尼西亚",
			"countryPinyin": "fa shu bo li ni xi ya",
			"phoneCode": "+689",
			"countryCode": "PF",
			"englishName": "French Polynesia"
		}, {
			"countryName": "法属圭亚那",
			"countryPinyin": "fa shu gui ya na",
			"phoneCode": "+594",
			"countryCode": "GF",
			"englishName": "French Guiana"
		}, {
			"countryName": "法属圣马丁",
			"countryPinyin": "fa shu sheng ma ding",
			"phoneCode": "+590",
			"countryCode": "MF",
			"englishName": "Saint Martin"
		}, {
			"countryName": "梵蒂冈",
			"countryPinyin": "fan di gang",
			"phoneCode": "+379",
			"countryCode": "VA",
			"englishName": "Holy See (Vatican City State)"
		}, {
			"countryName": "斐济",
			"countryPinyin": "fei ji",
			"phoneCode": "+679",
			"countryCode": "FJ",
			"englishName": "Fiji"
		}, {
			"countryName": "菲律宾",
			"countryPinyin": "fei lu bin",
			"phoneCode": "+63",
			"countryCode": "PH",
			"englishName": "Philippines"
		}, {
			"countryName": "芬兰",
			"countryPinyin": "fen lan",
			"phoneCode": "+358",
			"countryCode": "FI",
			"englishName": "Finland"
		}, {
			"countryName": "佛得角",
			"countryPinyin": "fu de jiao",
			"phoneCode": "+238",
			"countryCode": "CV",
			"englishName": "Cape Verde"
		}, {
			"countryName": "福克兰群岛",
			"countryPinyin": "fu ke lan qun dao",
			"phoneCode": "+500",
			"countryCode": "FK",
			"englishName": "Falkland Islands (Malvinas)"
		}, {
			"countryName": "冈比亚",
			"countryPinyin": "gang bi ya",
			"phoneCode": "+220",
			"countryCode": "GM",
			"englishName": "Gambia"
		}, {
			"countryName": "刚果（布）",
			"countryPinyin": "gang guo （bu）",
			"phoneCode": "+242",
			"countryCode": "CG",
			"englishName": "Congo"
		}, {
			"countryName": "刚果（金）",
			"countryPinyin": "gang guo （jin）",
			"phoneCode": "+243",
			"countryCode": "CD",
			"englishName": "Congo, The Democratic Republic of the"
		}, {
			"countryName": "格林纳达",
			"countryPinyin": "ge lin na da",
			"phoneCode": "+1 473",
			"countryCode": "GD",
			"englishName": "Grenada"
		}, {
			"countryName": "格陵兰",
			"countryPinyin": "ge ling lan",
			"phoneCode": "+299",
			"countryCode": "GL",
			"englishName": "Greenland"
		}, {
			"countryName": "格鲁吉亚",
			"countryPinyin": "ge lu ji ya",
			"phoneCode": "+995",
			"countryCode": "GE",
			"englishName": "Georgia"
		}, {
			"countryName": "哥伦比亚",
			"countryPinyin": "ge lun bi ya",
			"phoneCode": "+57",
			"countryCode": "CO",
			"englishName": "Colombia"
		}, {
			"countryName": "哥斯达黎加",
			"countryPinyin": "ge si da li jia",
			"phoneCode": "+506",
			"countryCode": "CR",
			"englishName": "Costa Rica"
		}, {
			"countryName": "根西岛",
			"countryPinyin": "gen xi dao",
			"phoneCode": "+44",
			"countryCode": "GG",
			"englishName": "Guernsey"
		}, {
			"countryName": "古巴",
			"countryPinyin": "gu ba",
			"phoneCode": "+53",
			"countryCode": "CU",
			"englishName": "Cuba"
		}, {
			"countryName": "瓜德罗普",
			"countryPinyin": "gua de luo pu",
			"phoneCode": "+590",
			"countryCode": "GP",
			"englishName": "Guadeloupe"
		}, {
			"countryName": "关岛",
			"countryPinyin": "guan dao",
			"phoneCode": "+1 671",
			"countryCode": "GU",
			"englishName": "Guam"
		}, {
			"countryName": "圭亚那",
			"countryPinyin": "gui ya na",
			"phoneCode": "+595",
			"countryCode": "GY",
			"englishName": "Guyana"
		}, {
			"countryName": "哈萨克斯坦",
			"countryPinyin": "ha sa ke si tan",
			"phoneCode": "+7 7",
			"countryCode": "KZ",
			"englishName": "Kazakhstan"
		}, {
			"countryName": "海地",
			"countryPinyin": "hai de",
			"phoneCode": "+509",
			"countryCode": "HT",
			"englishName": "Haiti"
		}, {
			"countryName": "韩国",
			"countryPinyin": "han guo",
			"phoneCode": "+82",
			"countryCode": "KR",
			"englishName": "Korea, Republic of"
		}, {
			"countryName": "荷兰",
			"countryPinyin": "he lan",
			"phoneCode": "+31",
			"countryCode": "NL",
			"englishName": "Netherlands"
		}, {
			"countryName": "荷属安的列斯群岛",
			"countryPinyin": "he shu an de lie si qun dao",
			"phoneCode": "+599",
			"countryCode": "AN",
			"englishName": "Netherlands Antilles"
		}, {
			"countryName": "黑山",
			"countryPinyin": "hei shan",
			"phoneCode": "+382",
			"countryCode": "ME",
			"englishName": "Montenegro"
		}, {
			"countryName": "洪都拉斯",
			"countryPinyin": "hong dou la si",
			"phoneCode": "+504",
			"countryCode": "HN",
			"englishName": "Honduras"
		}, {
			"countryName": "吉布提",
			"countryPinyin": "ji bu ti",
			"phoneCode": "+253",
			"countryCode": "DJ",
			"englishName": "Djibouti"
		}, {
			"countryName": "吉尔吉斯斯坦",
			"countryPinyin": "ji er ji si si tan",
			"phoneCode": "+996",
			"countryCode": "KG",
			"englishName": "Kyrgyzstan"
		}, {
			"countryName": "基里巴斯",
			"countryPinyin": "ji li ba si",
			"phoneCode": "+686",
			"countryCode": "KI",
			"englishName": "Kiribati"
		}, {
			"countryName": "几内亚",
			"countryPinyin": "ji nei ya",
			"phoneCode": "+224",
			"countryCode": "GN",
			"englishName": "Guinea"
		}, {
			"countryName": "几内亚比绍",
			"countryPinyin": "ji nei ya bi shao",
			"phoneCode": "+245",
			"countryCode": "GW",
			"englishName": "Guinea-Bissau"
		}, {
			"countryName": "加纳",
			"countryPinyin": "jia na",
			"phoneCode": "+233",
			"countryCode": "GH",
			"englishName": "Ghana"
		}, {
			"countryName": "加拿大",
			"countryPinyin": "jia na da",
			"phoneCode": "+1",
			"countryCode": "CA",
			"englishName": "Canada"
		}, {
			"countryName": "加蓬",
			"countryPinyin": "jia peng",
			"phoneCode": "+241",
			"countryCode": "GA",
			"englishName": "Gabon"
		}, {
			"countryName": "柬埔寨",
			"countryPinyin": "jian bu zhai",
			"phoneCode": "+855",
			"countryCode": "KH",
			"englishName": "Cambodia"
		}, {
			"countryName": "捷克共和国",
			"countryPinyin": "jie ke gong he guo",
			"phoneCode": "+420",
			"countryCode": "CZ",
			"englishName": "Czech Republic"
		}, {
			"countryName": "津巴布韦",
			"countryPinyin": "jin ba bu wei",
			"phoneCode": "+263",
			"countryCode": "ZW",
			"englishName": "Zimbabwe"
		}, {
			"countryName": "喀麦隆",
			"countryPinyin": "ka mai long",
			"phoneCode": "+237",
			"countryCode": "CM",
			"englishName": "Cameroon"
		}, {
			"countryName": "卡塔尔",
			"countryPinyin": "ka ta er",
			"phoneCode": "+974",
			"countryCode": "QA",
			"englishName": "Qatar"
		}, {
			"countryName": "开曼群岛",
			"countryPinyin": "kai man qun dao",
			"phoneCode": "+ 345",
			"countryCode": "KY",
			"englishName": "Cayman Islands"
		}, {
			"countryName": "科科斯（基林）群岛",
			"countryPinyin": "ke ke si （ji lin） qun dao",
			"phoneCode": "+61",
			"countryCode": "CC",
			"englishName": "Cocos (Keeling) Islands"
		}, {
			"countryName": "克罗地亚",
			"countryPinyin": "ke luo de ya",
			"phoneCode": "+385",
			"countryCode": "HR",
			"englishName": "Croatia"
		}, {
			"countryName": "科摩罗",
			"countryPinyin": "ke mo luo",
			"phoneCode": "+269",
			"countryCode": "KM",
			"englishName": "Comoros"
		}, {
			"countryName": "科特迪瓦",
			"countryPinyin": "ke te di wa",
			"phoneCode": "+225",
			"countryCode": "CI",
			"englishName": "Cote d'Ivoire"
		}, {
			"countryName": "科威特",
			"countryPinyin": "ke wei te",
			"phoneCode": "+965",
			"countryCode": "KW",
			"englishName": "Kuwait"
		}, {
			"countryName": "肯尼亚",
			"countryPinyin": "ken ni ya",
			"phoneCode": "+254",
			"countryCode": "KE",
			"englishName": "Kenya"
		}, {
			"countryName": "库克群岛",
			"countryPinyin": "ku ke qun dao",
			"phoneCode": "+682",
			"countryCode": "CK",
			"englishName": "Cook Islands"
		}, {
			"countryName": "拉脱维亚",
			"countryPinyin": "la tuo wei ya",
			"phoneCode": "+371",
			"countryCode": "LV",
			"englishName": "Latvia"
		}, {
			"countryName": "莱索托",
			"countryPinyin": "lai suo tuo",
			"phoneCode": "+266",
			"countryCode": "LS",
			"englishName": "Lesotho"
		}, {
			"countryName": "老挝",
			"countryPinyin": "lao wo",
			"phoneCode": "+856",
			"countryCode": "LA",
			"englishName": "Lao People's Democratic Republic"
		}, {
			"countryName": "黎巴嫩",
			"countryPinyin": "li ba nen",
			"phoneCode": "+961",
			"countryCode": "LB",
			"englishName": "Lebanon"
		}, {
			"countryName": "利比里亚",
			"countryPinyin": "li bi li ya",
			"phoneCode": "+231",
			"countryCode": "LR",
			"englishName": "Liberia"
		}, {
			"countryName": "利比亚",
			"countryPinyin": "li bi ya",
			"phoneCode": "+218",
			"countryCode": "LY",
			"englishName": "Libyan Arab Jamahiriya"
		}, {
			"countryName": "立陶宛",
			"countryPinyin": "li tao wan",
			"phoneCode": "+370",
			"countryCode": "LT",
			"englishName": "Lithuania"
		}, {
			"countryName": "列支敦士登",
			"countryPinyin": "lie zhi dun shi deng",
			"phoneCode": "+423",
			"countryCode": "LI",
			"englishName": "Liechtenstein"
		}, {
			"countryName": "留尼汪",
			"countryPinyin": "liu ni wang",
			"phoneCode": "+262",
			"countryCode": "RE",
			"englishName": "R閡nion"
		}, {
			"countryName": "卢森堡",
			"countryPinyin": "lu sen bao",
			"phoneCode": "+352",
			"countryCode": "LU",
			"englishName": "Luxembourg"
		}, {
			"countryName": "卢旺达",
			"countryPinyin": "lu wang da",
			"phoneCode": "+250",
			"countryCode": "RW",
			"englishName": "Rwanda"
		}, {
			"countryName": "罗马尼亚",
			"countryPinyin": "luo ma ni ya",
			"phoneCode": "+40",
			"countryCode": "RO",
			"englishName": "Romania"
		}, {
			"countryName": "马达加斯加",
			"countryPinyin": "ma da jia si jia",
			"phoneCode": "+261",
			"countryCode": "MG",
			"englishName": "Madagascar"
		}, {
			"countryName": "马尔代夫",
			"countryPinyin": "ma er dai fu",
			"phoneCode": "+960",
			"countryCode": "MV",
			"englishName": "Maldives"
		}, {
			"countryName": "马耳他",
			"countryPinyin": "ma er ta",
			"phoneCode": "+356",
			"countryCode": "MT",
			"englishName": "Malta"
		}, {
			"countryName": "马拉维",
			"countryPinyin": "ma la wei",
			"phoneCode": "+265",
			"countryCode": "MW",
			"englishName": "Malawi"
		}, {
			"countryName": "马来西亚",
			"countryPinyin": "ma lai xi ya",
			"phoneCode": "+60",
			"countryCode": "MY",
			"englishName": "Malaysia"
		}, {
			"countryName": "马里",
			"countryPinyin": "ma li",
			"phoneCode": "+223",
			"countryCode": "ML",
			"englishName": "Mali"
		}, {
			"countryName": "马其顿",
			"countryPinyin": "ma qi dun",
			"phoneCode": "+389",
			"countryCode": "MK",
			"englishName": "Macedonia, The Former Yugoslav Republic of"
		}, {
			"countryName": "马绍尔群岛",
			"countryPinyin": "ma shao er qun dao",
			"phoneCode": "+692",
			"countryCode": "MH",
			"englishName": "Marshall Islands"
		}, {
			"countryName": "马提尼克",
			"countryPinyin": "ma ti ni ke",
			"phoneCode": "+596",
			"countryCode": "MQ",
			"englishName": "Martinique"
		}, {
			"countryName": "马约特",
			"countryPinyin": "ma yue te",
			"phoneCode": "+262",
			"countryCode": "YT",
			"englishName": "Mayotte"
		}, {
			"countryName": "曼岛",
			"countryPinyin": "man dao",
			"phoneCode": "+44",
			"countryCode": "IM",
			"englishName": "Isle of Man"
		}, {
			"countryName": "毛里求斯",
			"countryPinyin": "mao li qiu si",
			"phoneCode": "+230",
			"countryCode": "MU",
			"englishName": "Mauritius"
		}, {
			"countryName": "毛里塔尼亚",
			"countryPinyin": "mao li ta ni ya",
			"phoneCode": "+222",
			"countryCode": "MR",
			"englishName": "Mauritania"
		}, {
			"countryName": "美国",
			"countryPinyin": "mei guo",
			"phoneCode": "+1",
			"countryCode": "US",
			"englishName": "United States"
		}, {
			"countryName": "美属萨摩亚",
			"countryPinyin": "mei shu sa mo ya",
			"phoneCode": "+1 684",
			"countryCode": "AS",
			"englishName": "AmericanSamoa"
		}, {
			"countryName": "美属维京群岛",
			"countryPinyin": "mei shu wei jing qun dao",
			"phoneCode": "+1 340",
			"countryCode": "VI",
			"englishName": "Virgin Islands, U.S."
		}, {
			"countryName": "蒙古",
			"countryPinyin": "meng gu",
			"phoneCode": "+976",
			"countryCode": "MN",
			"englishName": "Mongolia"
		}, {
			"countryName": "孟加拉国",
			"countryPinyin": "meng jia la guo",
			"phoneCode": "+880",
			"countryCode": "BD",
			"englishName": "Bangladesh"
		}, {
			"countryName": "蒙特塞拉特",
			"countryPinyin": "meng te sai la te",
			"phoneCode": "+1664",
			"countryCode": "MS",
			"englishName": "Montserrat"
		}, {
			"countryName": "密克罗尼西亚",
			"countryPinyin": "mi ke luo ni xi ya",
			"phoneCode": "+691",
			"countryCode": "FM",
			"englishName": "Micronesia, Federated States of"
		}, {
			"countryName": "秘鲁",
			"countryPinyin": "mi lu",
			"phoneCode": "+51",
			"countryCode": "PE",
			"englishName": "Peru"
		}, {
			"countryName": "缅甸",
			"countryPinyin": "mian dian",
			"phoneCode": "+95",
			"countryCode": "MM",
			"englishName": "Myanmar"
		}, {
			"countryName": "摩尔多瓦",
			"countryPinyin": "mo er duo wa",
			"phoneCode": "+373",
			"countryCode": "MD",
			"englishName": "Moldova, Republic of"
		}, {
			"countryName": "摩洛哥",
			"countryPinyin": "mo luo ge",
			"phoneCode": "+212",
			"countryCode": "MA",
			"englishName": "Morocco"
		}, {
			"countryName": "摩纳哥",
			"countryPinyin": "mo na ge",
			"phoneCode": "+377",
			"countryCode": "MC",
			"englishName": "Monaco"
		}, {
			"countryName": "莫桑比克",
			"countryPinyin": "mo sang bi ke",
			"phoneCode": "+258",
			"countryCode": "MZ",
			"englishName": "Mozambique"
		}, {
			"countryName": "墨西哥",
			"countryPinyin": "mo xi ge",
			"phoneCode": "+52",
			"countryCode": "MX",
			"englishName": "Mexico"
		}, {
			"countryName": "纳米比亚",
			"countryPinyin": "na mi bi ya",
			"phoneCode": "+264",
			"countryCode": "NA",
			"englishName": "Namibia"
		}, {
			"countryName": "南非",
			"countryPinyin": "nan fei",
			"phoneCode": "+27",
			"countryCode": "ZA",
			"englishName": "South Africa"
		}, {
			"countryName": "南乔治亚岛和南桑威齐群岛",
			"countryPinyin": "nan qiao zhi ya dao he nan sang wei qi qun dao",
			"phoneCode": "+500",
			"countryCode": "GS",
			"englishName": "South Georgia and the South Sandwich Islands"
		}, {
			"countryName": "瑙鲁",
			"countryPinyin": "nao lu",
			"phoneCode": "+674",
			"countryCode": "NR",
			"englishName": "Nauru"
		}, {
			"countryName": "尼加拉瓜",
			"countryPinyin": "ni jia la gua",
			"phoneCode": "+505",
			"countryCode": "NI",
			"englishName": "Nicaragua"
		}, {
			"countryName": "尼泊尔",
			"countryPinyin": "ni po er",
			"phoneCode": "+977",
			"countryCode": "NP",
			"englishName": "Nepal"
		}, {
			"countryName": "尼日尔",
			"countryPinyin": "ni ri er",
			"phoneCode": "+227",
			"countryCode": "NE",
			"englishName": "Niger"
		}, {
			"countryName": "尼日利亚",
			"countryPinyin": "ni ri li ya",
			"phoneCode": "+234",
			"countryCode": "NG",
			"englishName": "Nigeria"
		}, {
			"countryName": "纽埃",
			"countryPinyin": "niu ai",
			"phoneCode": "+683",
			"countryCode": "NU",
			"englishName": "Niue"
		}, {
			"countryName": "诺福克岛",
			"countryPinyin": "nuo fu ke dao",
			"phoneCode": "+672",
			"countryCode": "NF",
			"englishName": "Norfolk Island"
		}, {
			"countryName": "挪威",
			"countryPinyin": "nuo wei",
			"phoneCode": "+47",
			"countryCode": "NO",
			"englishName": "Norway"
		}, {
			"countryName": "帕劳",
			"countryPinyin": "pa lao",
			"phoneCode": "+680",
			"countryCode": "PW",
			"englishName": "Palau"
		}, {
			"countryName": "皮特凯恩群岛",
			"countryPinyin": "pi te kai en qun dao",
			"phoneCode": "+872",
			"countryCode": "PN",
			"englishName": "Pitcairn"
		}, {
			"countryName": "葡萄牙",
			"countryPinyin": "pu tao ya",
			"phoneCode": "+351",
			"countryCode": "PT",
			"englishName": "Portugal"
		}, {
			"countryName": "日本",
			"countryPinyin": "ri ben",
			"phoneCode": "+81",
			"countryCode": "JP",
			"englishName": "Japan"
		}, {
			"countryName": "瑞典",
			"countryPinyin": "rui dian",
			"phoneCode": "+46",
			"countryCode": "SE",
			"englishName": "Sweden"
		}, {
			"countryName": "瑞士",
			"countryPinyin": "rui shi",
			"phoneCode": "+41",
			"countryCode": "CH",
			"englishName": "Switzerland"
		}, {
			"countryName": "萨尔瓦多",
			"countryPinyin": "sa er wa duo",
			"phoneCode": "+503",
			"countryCode": "SV",
			"englishName": "El Salvador"
		}, {
			"countryName": "萨摩亚",
			"countryPinyin": "sa mo ya",
			"phoneCode": "+685",
			"countryCode": "WS",
			"englishName": "Samoa"
		}, {
			"countryName": "塞尔维亚",
			"countryPinyin": "sai er wei ya",
			"phoneCode": "+381",
			"countryCode": "RS",
			"englishName": "Serbia"
		}, {
			"countryName": "塞拉利昂",
			"countryPinyin": "sai la li ang",
			"phoneCode": "+232",
			"countryCode": "SL",
			"englishName": "Sierra Leone"
		}, {
			"countryName": "塞内加尔",
			"countryPinyin": "sai nei jia er",
			"phoneCode": "+221",
			"countryCode": "SN",
			"englishName": "Senegal"
		}, {
			"countryName": "塞浦路斯",
			"countryPinyin": "sai pu lu si",
			"phoneCode": "+537",
			"countryCode": "CY",
			"englishName": "Cyprus"
		}, {
			"countryName": "塞舌尔",
			"countryPinyin": "sai she er",
			"phoneCode": "+248",
			"countryCode": "SC",
			"englishName": "Seychelles"
		}, {
			"countryName": "沙特阿拉伯",
			"countryPinyin": "sha te a la bo",
			"phoneCode": "+966",
			"countryCode": "SA",
			"englishName": "Saudi Arabia"
		}, {
			"countryName": "圣巴泰勒米",
			"countryPinyin": "sheng ba tai lei mi",
			"phoneCode": "+590",
			"countryCode": "BL",
			"englishName": "Saint Barth閘emy"
		}, {
			"countryName": "圣诞岛",
			"countryPinyin": "sheng dan dao",
			"phoneCode": "+61",
			"countryCode": "CX",
			"englishName": "Christmas Island"
		}, {
			"countryName": "圣多美和普林西比",
			"countryPinyin": "sheng duo mei he pu lin xi bi",
			"phoneCode": "+239",
			"countryCode": "ST",
			"englishName": "Sao Tome and Principe"
		}, {
			"countryName": "圣赫勒拿",
			"countryPinyin": "sheng he lei na",
			"phoneCode": "+290",
			"countryCode": "SH",
			"englishName": "Saint Helena, Ascension and Tristan Da Cunha"
		}, {
			"countryName": "圣基茨和尼维斯",
			"countryPinyin": "sheng ji ci he ni wei si",
			"phoneCode": "+1 869",
			"countryCode": "KN",
			"englishName": "Saint Kitts and Nevis"
		}, {
			"countryName": "圣卢西亚",
			"countryPinyin": "sheng lu xi ya",
			"phoneCode": "+1 758",
			"countryCode": "LC",
			"englishName": "Saint Lucia"
		}, {
			"countryName": "圣马力诺",
			"countryPinyin": "sheng ma li nuo",
			"phoneCode": "+378",
			"countryCode": "SM",
			"englishName": "San Marino"
		}, {
			"countryName": "圣皮埃尔和密克隆群岛",
			"countryPinyin": "sheng pi ai er he mi ke long qun dao",
			"phoneCode": "+508",
			"countryCode": "PM",
			"englishName": "Saint Pierre and Miquelon"
		}, {
			"countryName": "圣文森特和格林纳丁斯",
			"countryPinyin": "sheng wen sen te he ge lin na ding si",
			"phoneCode": "+1 784",
			"countryCode": "VC",
			"englishName": "Saint Vincent and the Grenadines"
		}, {
			"countryName": "斯里兰卡",
			"countryPinyin": "si li lan ka",
			"phoneCode": "+94",
			"countryCode": "LK",
			"englishName": "Sri Lanka"
		}, {
			"countryName": "斯洛伐克",
			"countryPinyin": "si luo fa ke",
			"phoneCode": "+421",
			"countryCode": "SK",
			"englishName": "Slovakia"
		}, {
			"countryName": "斯洛文尼亚",
			"countryPinyin": "si luo wen ni ya",
			"phoneCode": "+386",
			"countryCode": "SI",
			"englishName": "Slovenia"
		}, {
			"countryName": "斯瓦尔巴特和扬马延",
			"countryPinyin": "si wa er ba te he yang ma yan",
			"phoneCode": "+47",
			"countryCode": "SJ",
			"englishName": "Svalbard and Jan Mayen"
		}, {
			"countryName": "斯威士兰",
			"countryPinyin": "si wei shi lan",
			"phoneCode": "+268",
			"countryCode": "SZ",
			"englishName": "Swaziland"
		}, {
			"countryName": "苏丹",
			"countryPinyin": "su dan",
			"phoneCode": "+249",
			"countryCode": "SD",
			"englishName": "Sudan"
		}, {
			"countryName": "苏里南",
			"countryPinyin": "su li nan",
			"phoneCode": "+597",
			"countryCode": "SR",
			"englishName": "Suriname"
		}, {
			"countryName": "所罗门群岛",
			"countryPinyin": "suo luo men qun dao",
			"phoneCode": "+677",
			"countryCode": "SB",
			"englishName": "Solomon Islands"
		}, {
			"countryName": "索马里",
			"countryPinyin": "suo ma li",
			"phoneCode": "+252",
			"countryCode": "SO",
			"englishName": "Somalia"
		}, {
			"countryName": "塔吉克斯坦",
			"countryPinyin": "ta ji ke si tan",
			"phoneCode": "+992",
			"countryCode": "TJ",
			"englishName": "Tajikistan"
		}, {
			"countryName": "泰国",
			"countryPinyin": "tai guo",
			"phoneCode": "+66",
			"countryCode": "TH",
			"englishName": "Thailand"
		}, {
			"countryName": "台湾",
			"countryPinyin": "tai wan",
			"phoneCode": "+886",
			"countryCode": "TW",
			"englishName": "Taiwan, Province of China"
		}, {
			"countryName": "坦桑尼亚",
			"countryPinyin": "tan sang ni ya",
			"phoneCode": "+255",
			"countryCode": "TZ",
			"englishName": "Tanzania, United Republic of"
		}, {
			"countryName": "汤加",
			"countryPinyin": "tang jia",
			"phoneCode": "+676",
			"countryCode": "TO",
			"englishName": "Tonga"
		}, {
			"countryName": "特克斯和凯科斯群岛",
			"countryPinyin": "te ke si he kai ke si qun dao",
			"phoneCode": "+1 649",
			"countryCode": "TC",
			"englishName": "Turks and Caicos Islands"
		}, {
			"countryName": "特立尼达和多巴哥",
			"countryPinyin": "te li ni da he duo ba ge",
			"phoneCode": "+1 868",
			"countryCode": "TT",
			"englishName": "Trinidad and Tobago"
		}, {
			"countryName": "土耳其",
			"countryPinyin": "tu er qi",
			"phoneCode": "+90",
			"countryCode": "TR",
			"englishName": "Turkey"
		}, {
			"countryName": "土库曼斯坦",
			"countryPinyin": "tu ku man si tan",
			"phoneCode": "+993",
			"countryCode": "TM",
			"englishName": "Turkmenistan"
		}, {
			"countryName": "突尼斯",
			"countryPinyin": "tu ni si",
			"phoneCode": "+216",
			"countryCode": "TN",
			"englishName": "Tunisia"
		}, {
			"countryName": "图瓦卢",
			"countryPinyin": "tu wa lu",
			"phoneCode": "+688",
			"countryCode": "TV",
			"englishName": "Tuvalu"
		}, {
			"countryName": "托克劳",
			"countryPinyin": "tuo ke lao",
			"phoneCode": "+690",
			"countryCode": "TK",
			"englishName": "Tokelau"
		}, {
			"countryName": "瓦利斯和富图纳",
			"countryPinyin": "wa li si he fu tu na",
			"phoneCode": "+681",
			"countryCode": "WF",
			"englishName": "Wallis and Futuna"
		}, {
			"countryName": "瓦努阿图",
			"countryPinyin": "wa nu a tu",
			"phoneCode": "+678",
			"countryCode": "VU",
			"englishName": "Vanuatu"
		}, {
			"countryName": "危地马拉",
			"countryPinyin": "wei de ma la",
			"phoneCode": "+502",
			"countryCode": "GT",
			"englishName": "Guatemala"
		}, {
			"countryName": "委内瑞拉",
			"countryPinyin": "wei nei rui la",
			"phoneCode": "+58",
			"countryCode": "VE",
			"englishName": "Venezuela, Bolivarian Republic of"
		}, {
			"countryName": "文莱",
			"countryPinyin": "wen lai",
			"phoneCode": "+673",
			"countryCode": "BN",
			"englishName": "Brunei Darussalam"
		}, {
			"countryName": "乌干达",
			"countryPinyin": "wu gan da",
			"phoneCode": "+256",
			"countryCode": "UG",
			"englishName": "Uganda"
		}, {
			"countryName": "乌克兰",
			"countryPinyin": "wu ke lan",
			"phoneCode": "+380",
			"countryCode": "UA",
			"englishName": "Ukraine"
		}, {
			"countryName": "乌拉圭",
			"countryPinyin": "wu la gui",
			"phoneCode": "+598",
			"countryCode": "UY",
			"englishName": "Uruguay"
		}, {
			"countryName": "乌兹别克斯坦",
			"countryPinyin": "wu zi bie ke si tan",
			"phoneCode": "+998",
			"countryCode": "UZ",
			"englishName": "Uzbekistan"
		}, {
			"countryName": "西班牙",
			"countryPinyin": "xi ban ya",
			"phoneCode": "+34",
			"countryCode": "ES",
			"englishName": "Spain"
		}, {
			"countryName": "希腊",
			"countryPinyin": "xi la",
			"phoneCode": "+30",
			"countryCode": "GR",
			"englishName": "Greece"
		}, {
			"countryName": "新加坡",
			"countryPinyin": "xin jia po",
			"phoneCode": "+65",
			"countryCode": "SG",
			"englishName": "Singapore"
		}, {
			"countryName": "新喀里多尼亚",
			"countryPinyin": "xin ka li duo ni ya",
			"phoneCode": "+687",
			"countryCode": "NC",
			"englishName": "New Caledonia"
		}, {
			"countryName": "新西兰",
			"countryPinyin": "xin xi lan",
			"phoneCode": "+64",
			"countryCode": "NZ",
			"englishName": "New Zealand"
		}, {
			"countryName": "匈牙利",
			"countryPinyin": "xiong ya li",
			"phoneCode": "+36",
			"countryCode": "HU",
			"englishName": "Hungary"
		}, {
			"countryName": "叙利亚",
			"countryPinyin": "xu li ya",
			"phoneCode": "+963",
			"countryCode": "SY",
			"englishName": "Syrian Arab Republic"
		}, {
			"countryName": "牙买加",
			"countryPinyin": "ya mai jia",
			"phoneCode": "+1 876",
			"countryCode": "JM",
			"englishName": "Jamaica"
		}, {
			"countryName": "亚美尼亚",
			"countryPinyin": "ya mei ni ya",
			"phoneCode": "+374",
			"countryCode": "AM",
			"englishName": "Armenia"
		}, {
			"countryName": "也门",
			"countryPinyin": "ye men",
			"phoneCode": "+967",
			"countryCode": "YE",
			"englishName": "Yemen"
		}, {
			"countryName": "意大利",
			"countryPinyin": "yi da li",
			"phoneCode": "+39",
			"countryCode": "IT",
			"englishName": "Italy"
		}, {
			"countryName": "伊拉克",
			"countryPinyin": "yi la ke",
			"phoneCode": "+964",
			"countryCode": "IQ",
			"englishName": "Iraq"
		}, {
			"countryName": "伊朗",
			"countryPinyin": "yi lang",
			"phoneCode": "+98",
			"countryCode": "IR",
			"englishName": "Iran, Islamic Republic of"
		}, {
			"countryName": "以色列",
			"countryPinyin": "yi se lie",
			"phoneCode": "+972",
			"countryCode": "IL",
			"englishName": "Israel"
		}, {
			"countryName": "印度",
			"countryPinyin": "yin du",
			"phoneCode": "+91",
			"countryCode": "IN",
			"englishName": "India"
		}, {
			"countryName": "印度尼西亚",
			"countryPinyin": "yin du ni xi ya",
			"phoneCode": "+62",
			"countryCode": "ID",
			"englishName": "Indonesia"
		}, {
			"countryName": "英国",
			"countryPinyin": "ying guo",
			"phoneCode": "+44",
			"countryCode": "GB",
			"englishName": "United Kingdom"
		}, {
			"countryName": "英属维京群岛",
			"countryPinyin": "ying shu wei jing qun dao",
			"phoneCode": "+1 284",
			"countryCode": "VG",
			"englishName": "Virgin Islands, British"
		}, {
			"countryName": "英属印度洋领地",
			"countryPinyin": "ying shu yin du yang ling de",
			"phoneCode": "+246",
			"countryCode": "IO",
			"englishName": "British Indian Ocean Territory"
		}, {
			"countryName": "约旦",
			"countryPinyin": "yue dan",
			"phoneCode": "+962",
			"countryCode": "JO",
			"englishName": "Jordan"
		}, {
			"countryName": "越南",
			"countryPinyin": "yue nan",
			"phoneCode": "+84",
			"countryCode": "VN",
			"englishName": "Viet Nam"
		}, {
			"countryName": "赞比亚",
			"countryPinyin": "zan bi ya",
			"phoneCode": "+260",
			"countryCode": "ZM",
			"englishName": "Zambia"
		}, {
			"countryName": "泽西岛",
			"countryPinyin": "ze xi dao",
			"phoneCode": "+44",
			"countryCode": "JE",
			"englishName": "Jersey"
		}, {
			"countryName": "乍得",
			"countryPinyin": "zha de",
			"phoneCode": "+235",
			"countryCode": "TD",
			"englishName": "Chad"
		}, {
			"countryName": "直布罗陀",
			"countryPinyin": "zhi bu luo tuo",
			"phoneCode": "+350",
			"countryCode": "GI",
			"englishName": "Gibraltar"
		}, {
			"countryName": "智利",
			"countryPinyin": "zhi li",
			"phoneCode": "+56",
			"countryCode": "CL",
			"englishName": "Chile"
		}, {
			"countryName": "中非共和国",
			"countryPinyin": "zhong fei gong he guo",
			"phoneCode": "+236",
			"countryCode": "CF",
			"englishName": "Central African Republic"
		}, {
			"countryName": "中国",
			"countryPinyin": "zhong guo",
			"phoneCode": "+86",
			"countryCode": "CN",
			"englishName": "China"
		}, {
			"countryName": "中国澳门特别行政区",
			"countryPinyin": "zhong guo ao men te bie xing zheng qu",
			"phoneCode": "+853",
			"countryCode": "MO",
			"englishName": "Macao"
		}, {
			"countryName": "中国香港特别行政区",
			"countryPinyin": "zhong guo xiang gang te bie xing zheng qu",
			"phoneCode": "+852",
			"countryCode": "HK",
			"englishName": "Hong Kong"
		}
	]
}